classification,profit_flag
Extreme Fear,38.328194985748354
Extreme Greed,46.89146810643044
Fear,39.212982015148654
Greed,42.078116045223254
Neutral,40.29592621060723
