classification,mean,median,std,count
Extreme Fear,35.49385448519575,0.0,524.9631042423675,17191
Extreme Greed,95.3771288090912,0.0,988.9987617714155,30931
Fear,46.0306304722664,0.0,1018.8823504859879,89909
Greed,39.997999113978565,0.0,923.3395464186058,57581
Neutral,18.894528418780425,0.0,246.60097144274582,15612
